j0_x,j0_y,j0_z,j1_x,j1_y,j1_z,j2_x,j2_y,j2_z,j3_x,j3_y,j3_z,j4_x,j4_y,j4_z,j5_x,j5_y,j5_z,j6_x,j6_y,j6_z,j7_x,j7_y,j7_z,j8_x,j8_y,j8_z,j9_x,j9_y,j9_z,j10_x,j10_y,j10_z,j11_x,j11_y,j11_z,j12_x,j12_y,j12_z,j13_x,j13_y,j13_z,j14_x,j14_y,j14_z,j15_x,j15_y,j15_z,j16_x,j16_y,j16_z,j17_x,j17_y,j17_z,j18_x,j18_y,j18_z,j19_x,j19_y,j19_z,j20_x,j20_y,j20_z
50.3696,66.5546,455.0773,43.0422,65.0319,443.3473,5.7842,11.0299,475.2057,16.5091,16.9392,491.0188,28.1226,26.7856,498.5803,39.2081,35.1879,508.5615,8.4147,69.534,490.9043,-5.6799,54.3139,517.843,-19.1034,42.9064,542.1262,-5.5945,24.345,519.6394,-11.8713,31.69,544.1502,-11.8922,43.8837,557.3908,5.4828,21.4277,536.4861,0.5803,41.8973,553.3965,-1.4959,61.0754,558.6776,17.8583,36.4114,540.2695,11.9521,52.4009,552.5354,8.7207,72.3186,546.7178,28.3548,55.8717,535.3473,21.963,68.053,551.1223,18.5456,82.242,540.587
49.1647,68.6575,456.0823,41.6763,67.2488,444.44,3.7929,14.0069,476.8358,14.8061,19.7463,492.5128,26.6858,29.39,499.9202,38.0387,37.6042,509.7564,8.1152,72.1351,492.7181,-6.3951,57.1125,519.5467,-20.1571,46.1554,543.848,-7.163,28.1454,521.0764,-13.1945,35.929,545.4319,-12.9572,48.214,558.5857,4.0468,24.7349,537.992,-0.5078,45.6441,554.4558,-2.38,64.8678,559.6466,15.7209,41.7557,540.6984,9.8287,56.6635,554.2646,6.9844,76.5142,548.031,27.7212,58.9537,536.3198,21.6233,71.5716,552.0193,18.5033,85.4656,541.0092
47.921,68.3902,456.4587,40.4769,67.0215,444.7833,2.3738,13.7685,476.9018,13.3338,19.4524,492.6362,25.2001,29.0584,500.1138,36.5274,37.2302,510.0146,6.1458,69.0374,492.7239,-9.4068,55.2026,519.6073,-23.6431,44.2257,543.6247,-9.3633,27.413,521.1918,-15.8521,34.9563,545.6772,-15.565,47.1447,558.9195,1.8175,24.2782,537.9472,-3.0664,44.6333,555.0006,-4.964,63.8266,560.2936,14.5569,38.9555,541.6442,8.6841,54.9125,553.9684,5.8571,74.7376,547.6461,25.2436,57.2508,536.5496,18.7567,68.7604,551.8042,15.9113,82.4946,540.5225
44.5089,64.0099,456.0287,37.3776,62.3639,444.1949,-0.2832,8.5707,475.9327,10.1692,14.648,491.8642,21.6367,24.5889,499.5241,32.5397,33.1067,509.6079,4.2903,66.2877,492.8861,-11.9723,51.5733,518.8672,-26.9712,40.7571,542.4901,-12.3525,22.8636,520.2225,-19.1097,30.8657,545.0188,-19.0569,42.9008,558.4036,-1.2173,21.8007,536.8996,-6.3337,41.2668,554.8966,-8.3418,60.3962,560.377,9.1312,33.7257,540.7082,2.4217,49.3716,553.0042,-0.4289,69.0741,546.3195,21.2464,53.5804,535.8934,14.7255,65.4021,551.0711,12.0933,78.8129,539.3569
42.0997,61.5448,456.1675,34.8731,60.0775,444.3681,-2.7939,6.0627,475.7199,7.8043,11.8954,491.6465,19.3736,21.6895,499.3424,30.39,30.0329,509.4486,2.9386,63.3009,493.8737,-13.9315,48.5944,519.4689,-29.2943,37.7969,542.8654,-15.5342,19.3065,520.1003,-22.6527,26.7063,544.8976,-22.762,38.5525,558.4495,-4.8513,17.0198,536.6195,-10.4248,36.306,554.6744,-12.5711,55.3381,560.434,7.2125,31.5792,540.4557,0.5549,46.6271,553.5031,-2.4506,66.2864,546.7593,18.3897,50.4511,535.8633,11.3459,62.4359,551.3678,8.8305,75.7616,539.5314
41.675,59.7894,456.4607,34.5888,58.134,444.6012,-2.5338,3.7324,475.9335,7.8143,9.8317,491.9245,19.1523,19.8551,499.6693,29.9365,28.4347,509.8282,2.3119,61.5367,493.8721,-14.6097,46.6304,519.3174,-30.0898,35.8879,542.6619,-16.1775,17.1652,520.2082,-23.8709,24.7398,545.1738,-23.9789,36.5338,558.7712,-5.513,15.6334,536.6204,-11.3201,34.9276,554.5929,-13.534,53.9375,560.3999,6.4206,28.5447,540.8809,-0.5782,43.9291,553.3443,-3.7156,63.5909,546.6681,17.9168,48.8505,535.984,10.9333,60.7121,551.1805,8.4135,74.048,539.3566
40.7451,55.5937,457.7032,33.6675,53.8928,445.845,-2.411,-1.3834,476.8647,7.8557,4.7909,492.8795,19.026,14.9633,500.6736,29.6731,23.6654,510.8727,2.4095,57.6625,495.7422,-14.3213,41.5469,520.5688,-29.7378,30.5716,543.847,-15.7649,11.9394,521.1432,-23.2584,19.4155,545.9901,-23.5045,31.107,559.6739,-5.272,9.9903,537.7084,-11.1437,29.5347,555.3872,-13.6108,48.4686,561.3386,6.9401,24.9441,541.787,0.0619,40.1588,554.5228,-3.4961,59.7876,547.9615,17.9198,44.1247,537.0687,11.1042,55.9886,552.2591,8.4169,69.4416,540.6061
42.2135,52.3769,457.6532,35.0553,50.6658,445.845,0.1698,-5.467,476.6905,10.4822,0.7318,492.6663,21.5569,11.0159,500.4502,32.1547,19.8001,510.6304,6.0899,50.8646,497.245,-11.425,35.2889,521.8748,-27.0242,23.9118,544.8363,-13.0656,7.3546,521.1602,-20.4951,14.5519,546.1227,-20.8902,26.0567,559.9604,-2.6438,3.7459,537.6955,-8.7322,22.7491,555.8836,-11.4032,41.5147,562.2646,9.0019,20.1097,541.6288,1.6911,34.68,554.8673,-2.3056,54.3173,548.5901,20.3993,39.2809,537.2593,13.6718,50.4294,552.4986,10.5946,64.0677,541.1616
43.9361,47.3768,458.136,36.5871,45.9143,446.4118,2.7946,-11.384,476.3169,13.3277,-5.5166,492.274,24.4387,4.6641,500.1415,35.1297,13.2757,510.3715,10.4545,42.4529,499.1954,-8.0821,26.8066,523.0195,-24.1785,14.7368,545.2731,-10.1921,-1.1139,521.1205,-17.3572,4.5524,545.84,-18.0735,15.5538,560.0687,0.5345,-5.1948,537.4982,-5.9486,12.9134,556.4471,-9.1325,31.296,563.6543,11.6351,12.7809,541.4475,3.9925,26.7346,555.1547,-0.4857,46.4156,549.3581,22.7427,31.6604,537.8914,15.5268,42.3702,553.9227,12.0982,56.3229,543.0799
46.6475,43.6211,457.5756,39.3642,42.1015,445.8177,6.9304,-16.3278,475.0307,17.2779,-10.3711,491.0759,28.1153,-0.0027,499.0789,38.5661,8.7618,509.4265,15.4638,36.4887,499.4672,-3.5245,20.3359,522.5871,-19.77,7.7662,544.4523,-6.5351,-7.0817,520.0441,-14.007,-1.9511,545.0213,-14.8003,8.6984,559.5112,5.0263,-11.8173,536.4279,-1.5896,5.9096,555.689,-5.1113,23.9802,563.5024,16.2368,4.8172,541.1701,8.4854,18.9991,554.5787,3.6047,38.7227,549.2723,25.8289,25.9754,537.1803,18.5272,35.8433,553.0903,14.8089,50.0314,542.6561
48.7065,39.451,456.8852,41.6934,37.7396,444.9902,10.7999,-21.9351,473.3425,20.6426,-15.7048,489.5999,30.9655,-5.0069,497.8456,40.9159,4.0626,508.4213,16.4834,29.5954,497.7076,-1.5565,15.5691,522.8835,-17.6641,2.5311,544.5758,-2.953,-13.5954,518.897,-10.7331,-8.8776,544.6675,-11.6886,1.4714,559.3639,7.8463,-16.4658,534.818,0.5925,-0.8881,555.6438,-3.2803,16.9035,563.918,19.4967,0.7345,539.9348,11.9616,13.9207,554.4381,6.7832,33.6614,549.4891,28.0671,20.0132,536.8684,20.7017,29.1565,553.1751,16.7899,43.6106,543.1862
51.1212,37.3934,456.354,43.9809,35.7667,444.523,13.9838,-24.5481,472.4807,23.9645,-18.4317,488.6972,34.2872,-7.7424,496.9543,44.2807,1.2856,507.5247,20.4595,29.4131,498.2573,2.8924,12.3025,521.8077,-12.3407,-1.4414,543.6951,1.6189,-17.071,518.4446,-5.3361,-12.8653,544.2985,-6.3683,-2.6267,559.0669,12.3646,-19.8133,534.2222,5.3125,-3.2821,554.3714,1.1576,14.3651,562.8161,22.7993,-2.0873,539.05,15.172,11.2981,553.3208,9.8304,31.0465,548.5809,31.5488,17.2721,536.0947,24.2195,26.475,552.5414,20.113,41.0546,542.8166
53.2607,37.8723,455.6778,45.6163,36.5821,444.1235,16.517,-24.3114,471.7741,27.209,-18.6582,487.7029,37.9288,-8.2292,495.785,48.4091,0.4807,506.1489,22.3377,29.8365,497.9157,6.095,11.3757,521.3971,-8.057,-3.0,543.6021,5.2027,-17.7024,517.961,-1.1117,-14.0139,543.7376,-2.1019,-3.8057,558.5299,17.2836,-20.6742,533.5986,10.3284,-4.037,553.6941,5.8175,13.477,562.233,26.7165,-1.7899,537.8423,19.2785,10.5926,553.0853,13.669,30.2851,548.4228,35.2423,16.9208,534.9906,27.4172,26.6912,552.1311,23.1768,41.2886,542.4909
55.1491,39.2232,453.7161,47.5495,37.7738,442.1512,19.3212,-23.4517,469.9709,29.8925,-17.5772,485.9001,40.4355,-6.9563,493.9649,50.7604,1.9506,504.3174,23.4388,32.3722,495.7282,8.6121,14.1647,520.3179,-4.5367,-0.3727,543.0286,9.2331,-15.9066,516.3506,3.5898,-11.6859,542.295,2.7561,-1.3265,556.9915,20.6586,-19.4546,531.9459,13.6881,-2.1247,551.4416,8.9841,15.4011,559.851,31.4563,-2.5552,536.8135,24.1726,11.4902,550.622,18.195,31.055,545.88,39.1674,18.7348,532.9521,32.4819,28.4139,549.4651,27.9933,42.8907,539.7555
56.1313,40.8491,452.5271,48.3005,39.6143,441.0922,20.0869,-21.7348,468.6533,31.0095,-16.1573,484.4516,41.7945,-5.7305,492.4495,52.3904,2.9542,502.7165,22.6161,34.8491,493.994,9.8508,14.7706,518.2819,-2.0582,-0.2468,541.3611,10.7865,-14.935,515.2148,5.6064,-11.1478,541.148,4.8986,-0.7465,555.8216,23.8146,-18.075,530.858,17.2684,-0.03,549.8454,12.5529,17.5396,558.1565,32.9278,0.7092,535.063,25.9287,14.222,549.5342,19.826,33.7091,544.634,41.5548,20.6575,531.2348,35.2656,30.9328,547.7871,30.749,45.3116,537.9459
55.6998,43.8734,450.0103,47.9837,42.474,438.5166,20.074,-18.8992,466.3322,30.8036,-13.0937,482.1806,41.4223,-2.5046,490.1878,51.8471,6.3594,500.4767,18.7271,38.0957,489.5644,8.2586,18.4409,515.2568,-2.1154,3.252,538.9566,12.0113,-11.3601,512.9478,7.5333,-7.173,538.8376,7.0151,3.5182,553.3093,24.6767,-14.4352,528.7602,18.4022,3.0451,548.3579,13.6726,20.734,556.4037,34.2437,2.383,533.3223,27.3589,17.0807,546.648,21.1388,36.4783,541.5446,42.173,22.9074,529.7611,36.0364,34.3364,544.9835,31.5625,48.5559,534.8945
54.5076,48.0127,448.1118,46.8871,46.5228,436.5657,18.9148,-14.7523,464.5344,29.5026,-8.8218,480.4318,40.0296,1.844,488.4582,50.3491,10.7982,498.7752,15.6213,40.8062,486.2726,5.8101,22.1128,512.9239,-3.6745,6.7763,536.8996,10.3485,-7.2519,511.4662,5.5061,-3.0121,537.9958,4.7734,7.8523,552.3285,23.7124,-8.8584,527.0738,17.329,8.9113,546.3738,12.3846,26.6991,554.0647,32.3874,8.3138,531.3037,25.5135,22.5499,545.127,19.1938,41.8213,539.6797,40.7145,28.6603,527.2905,35.0595,39.3465,543.2224,30.6664,53.3616,532.8168
52.2479,53.4581,445.5468,44.9458,51.6845,433.8362,16.6553,-9.2254,462.2785,26.7785,-2.9046,478.3274,37.0176,7.9941,486.4132,47.0,17.2255,496.8172,12.9489,48.0981,483.2765,3.4782,29.7835,510.3113,-5.7289,14.7623,534.5928,7.7096,-0.3306,508.9861,2.6332,4.7168,535.4909,1.7402,15.8249,549.6264,19.6354,-0.4992,524.7191,12.9251,16.5332,544.5652,7.8006,34.4424,551.8455,29.5344,15.0881,529.188,22.6643,29.7559,542.5541,16.3679,48.9071,536.6728,36.6493,35.9043,524.6175,30.7153,46.6127,540.5552,26.5107,60.3791,529.7475
48.9839,59.4755,444.1432,41.7016,57.7587,432.4119,11.9989,-2.3038,461.2145,22.177,3.936,477.2604,32.6051,14.6837,485.3066,42.7306,23.7892,495.6833,8.2675,54.9043,480.9404,-0.4646,35.9584,507.7882,-9.8825,21.3266,532.2262,2.8815,7.1755,507.6837,-2.2727,12.5342,533.9532,-3.1711,23.8522,547.9209,15.1913,5.2984,523.7184,8.4582,23.5029,542.4871,3.452,41.5581,549.4831,25.171,21.0122,528.2098,18.1842,36.5726,540.4596,12.1595,55.7202,534.2895,32.751,42.9658,523.2204,27.0454,53.9296,538.9641,23.0509,67.538,527.88
46.2716,62.4484,442.2013,38.9523,60.8721,430.4732,8.1035,1.3987,459.2934,18.4075,7.4413,475.3345,29.0454,17.9854,483.3753,39.3499,26.8937,493.7469,4.1259,59.4309,478.0762,-5.1317,41.7574,505.607,-14.5991,27.6614,530.339,-0.6295,12.1612,505.3895,-5.5312,18.202,531.2626,-6.3093,29.7944,545.0107,11.824,10.3574,521.7796,5.5158,29.0798,540.1829,0.8121,47.3308,546.8744,21.1498,26.1414,525.8858,14.3459,41.8116,538.0986,8.6132,60.9479,531.6227,29.214,47.2581,520.6009,23.3569,59.0258,536.1186,19.6794,72.529,524.7988
43.682,64.1051,441.7933,36.1741,62.7727,430.1546,4.2939,3.8818,459.0483,14.9486,9.5826,474.985,25.9398,19.8229,482.943,36.5891,28.422,493.2268,-0.7976,60.8628,476.0942,-9.4852,43.0283,503.7068,-19.0246,29.1331,528.5246,-5.2951,14.3996,504.6304,-10.5825,20.199,529.7643,-11.4856,31.9747,543.3481,7.8712,11.1994,521.4209,1.4876,30.9068,538.7376,-3.0546,49.2797,545.2031,16.7899,29.5809,524.8603,9.8385,45.2749,536.9591,4.3864,64.3965,530.2036,25.5165,49.175,519.4437,19.1077,61.1868,534.618,15.7417,74.6086,523.106
40.3575,64.4033,441.234,33.167,62.887,429.4187,0.5618,4.4031,458.3299,10.779,10.3556,474.4599,21.5444,20.7271,482.5554,31.9065,29.4924,492.9912,-4.6583,63.4329,474.695,-13.7737,46.1189,502.5003,-23.6646,32.7202,527.4532,-9.0948,15.3138,504.0323,-14.4739,21.3916,529.4907,-15.3634,33.2832,542.974,2.2815,13.4194,520.5837,-4.2696,33.1676,537.7909,-8.6992,51.6533,544.0085,12.6392,29.7419,524.6913,5.7386,46.1088,535.8944,0.5102,65.2409,528.9932,21.2532,50.649,519.093,15.0782,62.9119,534.2223,11.949,76.2455,522.5421
37.9457,64.4832,442.3344,30.6933,63.1644,430.5333,-2.8542,5.0966,459.2044,7.5163,10.7718,475.3365,18.4885,20.9031,483.4585,29.0362,29.4217,493.9126,-8.2339,63.5639,474.8674,-17.7245,46.218,502.5269,-28.1306,32.9226,527.325,-14.0163,16.3817,504.5378,-20.2523,22.6863,529.8642,-21.1666,34.5838,543.3406,-2.2757,14.138,521.1817,-8.9245,33.8999,538.3358,-13.1634,52.4411,544.5208,8.2116,31.6014,524.8823,1.2046,47.3814,536.836,-3.7492,66.5653,529.8761,18.007,50.8638,519.7748,11.5746,63.3691,534.858,8.6485,76.7308,523.1574
35.7736,64.3842,443.163,28.616,63.1019,431.3002,-5.4656,5.2021,459.6797,4.7948,10.8251,475.9002,15.7476,20.9013,484.1165,26.248,29.3668,494.6609,-10.0456,62.8507,475.8672,-21.1325,45.8664,503.1549,-32.5593,32.6914,527.5649,-17.4954,16.7472,504.6967,-24.208,23.1893,529.8161,-25.1696,34.9631,543.3974,-5.9472,14.7979,521.4834,-12.717,34.1349,539.069,-16.8513,52.6638,545.3607,5.2972,31.058,525.6331,-1.7571,47.2463,536.9986,-6.5614,66.4832,530.0804,14.2992,50.8377,520.3411,7.2614,63.4839,535.4666,4.4718,76.8853,523.7781
33.9558,62.7208,443.822,27.2092,61.2541,431.7416,-7.0219,3.1164,459.4466,2.6252,8.9974,475.9495,13.1688,19.2805,484.4401,23.2049,27.9645,495.2556,-9.2718,59.7519,478.0868,-22.2617,43.0432,504.6967,-34.7227,29.7365,528.5222,-20.9475,13.4005,504.7871,-28.9014,19.2745,530.6845,-29.9209,30.5566,544.6729,-9.6327,11.8445,521.2335,-16.663,30.6199,539.3183,-20.6861,48.9756,546.1655,1.5403,28.2461,525.9178,-5.88,43.1722,538.6908,-10.6106,62.5585,532.1492,11.2183,47.9953,521.8854,4.2071,59.7119,537.4618,1.3846,73.3589,526.0692
33.2533,58.9938,445.0372,26.6334,57.662,432.8715,-7.6522,-0.9616,459.463,1.807,4.7363,476.138,12.2261,14.9449,484.8688,22.1205,23.5221,495.898,-8.2693,57.3579,480.4394,-21.4866,39.2201,505.98,-34.6075,25.8358,529.4044,-21.0273,9.4086,504.794,-28.6192,15.2948,530.5244,-29.3561,26.1166,544.8891,-9.5874,6.9804,521.6806,-16.1258,25.1335,540.5676,-19.8847,43.2681,548.1179,1.2394,24.1632,526.4659,-5.8629,38.795,539.75,-10.6856,58.3236,533.7188,10.6946,43.6827,522.6546,4.0172,55.4647,538.2915,0.9958,69.395,527.2998
34.245,54.4937,447.2416,27.3366,53.5902,435.1975,-6.8992,-5.5004,460.8011,2.9928,-0.3949,477.4168,13.7068,9.4509,486.2072,23.9329,17.6012,497.2576,-4.5786,52.138,484.7989,-19.27,33.746,509.3325,-33.1663,20.1395,532.1745,-19.6408,3.6577,506.4401,-26.8331,8.8272,532.2022,-27.3417,18.925,547.0943,-8.2162,-0.188,523.0601,-14.5076,17.4724,542.4902,-18.1088,35.2546,550.9058,3.3911,16.9966,528.3101,-3.601,31.8932,541.3562,-8.5651,51.6175,536.1303,12.0912,36.1653,524.9979,5.163,47.0265,541.2279,1.7185,61.4457,531.019
36.2968,50.9613,449.1831,29.3666,50.236,437.1395,-4.4741,-9.5033,461.7437,5.4261,-4.6422,478.4277,16.1035,5.1045,487.3718,26.3078,13.1123,498.5457,-0.1266,46.7418,488.1193,-16.2139,28.0151,511.4969,-30.9003,14.1776,533.6968,-17.0075,-2.1234,507.4685,-23.9937,1.9901,532.9555,-24.3605,11.395,548.2986,-6.4717,-5.9185,523.879,-12.6278,10.7503,544.2076,-15.9081,28.1705,553.4692,5.6262,10.029,529.8215,-1.4466,23.8238,543.9876,-6.3942,43.7667,539.6516,14.3775,30.0802,526.7689,7.5499,39.7908,542.9208,3.8367,54.6789,533.5104
38.4917,47.9055,450.8929,31.3531,47.4533,438.9582,-2.438,-12.5462,462.9905,7.7749,-8.0661,479.5925,18.6639,1.4429,488.5372,29.1069,9.1734,499.6859,5.2735,42.3952,491.639,-12.1309,23.5111,513.9208,-27.3991,9.6285,535.6959,-14.8336,-5.3174,508.8735,-21.7722,-1.271,534.557,-22.0151,7.8651,550.0642,-3.1946,-9.706,525.265,-8.8944,5.81,546.6136,-11.8764,22.956,556.4687,7.7712,6.9708,530.8077,0.9578,18.9993,546.6156,-3.7473,39.1207,542.8752,17.3772,25.8897,528.659,10.5036,35.6854,545.6373,6.7494,50.8613,536.7155
41.0184,46.5563,452.0879,33.5045,46.4346,440.3777,0.023,-13.8749,464.0652,10.7878,-9.8576,480.4354,22.0262,-0.6379,489.2498,32.8745,6.7552,500.2393,8.0194,39.739,493.1668,-9.6493,21.0861,515.4353,-25.0161,7.0578,537.0471,-11.8891,-7.0353,510.3359,-18.6148,-3.1737,536.4607,-18.7261,5.7815,552.0746,-1.0067,-11.2489,525.9102,-6.6908,4.7169,546.9289,-9.5589,21.7255,557.0522,11.8978,3.6463,531.8534,5.325,17.1449,546.5363,0.8505,37.3841,543.167,21.4133,23.1196,529.5596,14.6851,32.7263,546.7723,10.9143,48.1389,538.2732
43.8731,46.0674,452.2695,36.0388,46.2176,440.7715,2.8316,-14.3392,464.2125,14.0691,-10.7045,480.3527,25.6057,-1.7246,489.0285,36.8003,5.3891,499.8536,11.3772,39.6233,493.9628,-5.732,20.6146,516.367,-20.631,6.2789,538.1042,-8.3793,-7.9983,510.6703,-14.6932,-4.4272,536.8352,-14.6838,4.4505,552.4937,3.5912,-12.0467,526.1502,-1.7106,3.7336,547.4075,-4.527,20.6451,557.7066,15.5083,3.9664,531.4744,9.1828,16.4085,547.1645,4.7494,36.6853,543.9712,25.3456,21.8322,529.3297,18.563,31.5686,546.7832,14.798,47.0959,538.4931
45.98,46.2301,451.195,38.1691,46.2799,439.6802,5.3991,-14.4646,463.2507,16.5729,-10.6871,479.4024,28.0187,-1.5865,488.0726,39.133,5.6522,498.8977,15.5318,41.293,493.936,-0.4785,20.3176,515.3765,-14.4205,5.6002,537.4903,-3.4524,-8.6521,509.9411,-8.3618,-5.4282,535.8376,-8.0895,3.5198,551.4536,8.585,-14.5413,525.558,3.903,2.3132,546.1251,1.0356,19.1671,556.504,18.3898,3.2826,530.7291,12.221,15.5969,546.5817,7.827,35.8972,543.4843,28.6182,21.8327,528.6932,22.4393,31.3409,546.202,18.634,46.8941,537.9791
47.7522,47.0161,450.055,39.6972,47.1683,438.7105,7.2206,-13.616,462.5827,18.7505,-9.983,478.5157,30.4116,-0.979,486.9979,41.7807,6.1502,497.6294,15.5478,42.3396,492.3248,1.2575,20.7684,514.3809,-11.7527,5.6954,536.8206,-0.5183,-8.0002,509.3616,-4.7842,-4.9046,535.1475,-4.4021,4.2934,550.6152,11.9108,-13.0424,524.9146,7.237,4.2216,545.1411,4.1408,21.195,555.2562,22.0796,4.9289,529.7959,16.3755,17.884,545.3081,11.883,38.1274,541.9884,32.1891,22.614,527.4528,26.5855,32.2326,544.8764,22.7605,47.7313,536.5601
48.1034,48.6558,448.4699,40.1669,48.5946,437.0413,8.0327,-12.2192,461.2984,19.3589,-8.2848,477.3059,30.8423,0.9331,485.8007,42.0293,8.299,496.4639,14.9823,45.0994,490.2815,2.387,23.6293,513.4417,-9.5698,8.3524,536.3251,0.8168,-7.0128,508.5544,-3.2246,-4.0969,535.0209,-2.7969,5.3273,550.3506,14.1842,-10.4436,523.9703,9.7105,6.9591,544.1229,6.4762,24.0901,553.9244,23.4625,6.2654,528.8484,17.8912,20.0202,543.7066,13.2791,40.1856,540.0894,33.8053,25.6709,526.0811,29.0227,35.7735,543.3049,25.1773,51.1009,534.6862
48.4746,51.8558,447.2949,40.5193,51.6722,435.8808,8.5314,-8.9636,460.7686,19.8772,-4.8577,476.719,31.3586,4.4603,485.1066,42.5505,11.9466,495.6805,12.9656,46.4022,487.7848,1.0922,27.4416,513.3879,-9.9267,12.1192,536.7076,2.2137,-2.5897,508.1441,-1.3457,1.0014,534.8351,-0.8573,10.7928,549.9311,15.6305,-6.0328,523.512,11.3627,11.3476,543.7286,8.1161,28.6709,553.1818,24.5454,9.7891,528.248,19.04,23.985,542.7107,14.3318,44.0573,538.719,34.7241,30.4145,524.9727,30.1244,41.2685,542.1884,26.2698,56.3549,533.1584
48.3998,55.6345,445.8925,40.5117,55.2952,434.4354,8.6169,-5.1927,459.7983,19.8538,-0.8683,475.7681,31.2498,8.5859,484.1195,42.3507,16.2312,494.6756,10.0665,53.1344,484.9272,0.2422,32.8278,510.3658,-9.941,17.506,534.0628,2.2632,1.727,507.1651,-1.3278,5.6379,533.936,-1.02,15.7345,548.8345,14.2329,-0.9353,522.4307,9.3405,16.4925,542.4641,5.7693,33.9941,551.4608,25.1192,15.2659,527.1753,19.8621,29.6569,541.537,15.0437,49.6082,537.0955,34.2727,35.214,523.6747,29.5032,46.4223,540.797,25.7217,61.2734,531.3554
48.3699,58.895,444.4748,40.5576,58.4366,432.97,8.475,-1.7707,458.76,19.6075,2.7193,474.7571,30.9513,12.2583,483.0832,41.9849,20.0118,493.6309,8.8042,56.0109,482.6372,-0.7629,36.2118,508.5691,-10.6768,20.9499,532.4185,1.555,5.532,505.9605,-2.3511,9.6542,532.6037,-2.1992,19.8751,547.4196,13.2979,3.002,521.3307,8.0603,20.5111,541.2053,4.3091,38.1075,549.94,24.3419,19.9566,525.8974,18.8707,34.869,539.6337,14.04,54.7199,534.7749,33.7516,39.3495,521.9767,28.9687,50.583,538.4432,25.2621,65.2435,528.6794
46.7473,60.8859,442.4832,39.0499,60.3675,430.9037,6.7704,0.246,456.6482,17.7395,4.8197,472.7342,28.9912,14.4077,481.1289,39.9122,22.22,491.7501,6.3764,58.2015,479.9828,-2.8911,38.6381,506.2008,-12.5519,23.4131,530.1773,-0.2955,8.8757,503.4885,-4.2642,13.7228,529.7977,-4.2075,24.1038,544.5025,11.6327,5.9144,519.3229,6.3586,23.5642,539.063,2.5103,41.2542,547.5632,21.4989,23.5051,523.5211,15.9156,37.6355,538.018,11.0998,57.4158,532.8656,31.7447,41.5537,520.1306,26.9974,52.7916,536.6269,23.4129,67.3295,526.6369
44.2354,63.8252,441.1439,36.5944,63.4147,429.5228,3.5522,3.574,454.9519,14.4833,7.9947,471.1064,25.79,17.4445,479.5834,36.7357,25.117,490.2807,1.9042,61.4388,477.2061,-6.1455,41.29,503.3829,-15.5607,26.1661,527.5205,-3.4514,11.4055,501.8463,-7.3687,15.7857,528.0748,-7.4002,26.3513,542.6476,9.5497,8.6098,517.8427,4.4736,27.2998,536.6554,0.6373,45.1236,544.8771,18.4625,24.783,522.3438,12.6284,40.1587,535.4032,7.8941,59.8962,530.0163,29.1977,42.4607,519.7319,24.1231,55.7844,533.7579,20.7509,70.1966,523.5151
41.488,64.9864,439.6772,33.9711,64.6398,427.9733,0.1719,5.0626,453.0234,10.9614,9.3918,469.2975,22.2508,18.7484,477.8999,33.1408,26.3302,488.7182,-2.3474,63.6304,474.4593,-10.3854,44.3285,501.2703,-19.4741,29.3729,525.6368,-7.1942,13.2595,499.6686,-11.29,17.8172,525.6046,-11.2895,28.527,540.0718,5.8526,10.5497,516.0046,0.8778,29.1316,534.951,-2.8443,47.0432,543.033,15.7846,27.7399,520.4833,10.5069,42.9636,533.9512,5.8926,62.6869,528.4105,24.4145,46.7331,516.2561,19.3233,58.6369,532.3229,16.2458,72.97,521.8781
38.9349,67.7567,438.6841,31.3723,67.4838,427.0077,-3.0757,8.3749,452.2822,7.825,12.5971,468.5102,19.2608,21.8271,477.056,30.2829,29.2912,487.8221,-7.3241,66.3475,471.5306,-14.8706,47.7906,499.0023,-23.5025,33.1212,523.7065,-11.4633,16.9127,498.6208,-16.1117,21.6444,524.3018,-16.1782,32.653,538.5429,2.3215,13.2352,515.1825,-2.6395,32.4782,533.4608,-6.2113,50.5528,541.2422,11.2619,31.303,519.2724,5.4538,46.9035,532.0744,0.9865,66.5708,526.223,20.9482,49.8796,514.8615,15.5386,61.8107,530.531,12.7089,75.997,519.8193
35.9089,68.9239,437.6302,28.4946,68.5432,425.8621,-6.1575,9.5687,451.1715,4.5299,13.9414,467.5012,15.8397,23.2617,476.1163,26.7113,30.8329,486.9605,-12.1338,67.6073,468.6343,-19.6602,49.8007,496.6035,-28.0527,35.425,521.5615,-15.0739,18.9184,497.4726,-20.0639,24.1509,523.3847,-20.2581,35.4326,537.4092,-2.436,15.9969,513.9366,-7.7275,35.4208,531.9286,-11.3311,53.6379,539.355,7.1104,34.123,517.8516,1.1202,49.8693,530.3885,-3.304,69.4474,524.2142,16.9241,52.2888,513.5083,11.1694,64.9045,529.1179,8.5389,78.9067,518.1171
33.3911,70.2323,435.9093,26.2723,69.6244,423.9696,-8.7063,10.8792,449.3631,1.5522,15.5688,465.8788,12.5994,25.0853,474.6191,23.1621,32.8864,485.6048,-14.2284,68.4401,466.8565,-22.8928,51.834,495.232,-31.2406,37.722,520.3549,-17.9244,21.4805,495.4894,-23.1179,27.4534,521.4769,-23.3763,38.9503,535.3244,-5.8547,19.6772,512.1093,-11.1096,39.4051,529.7784,-14.6124,57.7805,536.8548,4.0934,35.5455,516.5027,-1.7801,50.9005,529.5689,-6.123,70.4505,523.2494,14.0557,54.5489,512.0232,8.7453,67.1814,527.429,6.2361,81.0532,516.2363
31.3285,69.8153,435.8114,24.1311,69.3634,423.912,-11.2488,10.7656,449.0894,-0.8449,15.2352,465.5752,10.346,24.5816,474.3165,21.0497,32.2004,485.2934,-17.1737,68.6629,466.036,-24.681,51.2496,494.2568,-33.0546,37.1632,519.3856,-20.2746,21.9833,495.0124,-25.339,28.2775,520.7798,-25.6317,39.8379,534.5737,-8.5493,18.6307,511.8149,-13.8657,38.5599,529.238,-17.3531,56.9474,536.2905,1.6975,34.5834,516.2827,-4.3147,50.7497,528.2621,-8.6078,70.2928,521.8874,11.9464,54.4268,511.531,6.5765,67.5381,527.0085,4.1158,81.3689,515.7544
30.5746,69.2306,435.9806,23.4422,68.6799,424.0463,-11.8481,10.0989,449.3879,-1.5489,14.7069,465.9013,9.5599,24.1482,474.6453,20.1762,31.8736,485.6327,-18.092,68.2522,465.9477,-25.6954,50.8884,494.1733,-34.2671,36.9344,519.3092,-20.898,21.2508,495.1855,-25.9458,27.4709,520.7299,-26.2836,39.0275,534.526,-9.5045,18.184,512.0924,-14.9094,38.0618,529.5469,-18.4212,56.4765,536.5157,0.7207,34.366,516.5197,-5.3877,50.7825,528.1034,-9.7035,70.2863,521.6245,10.752,53.9808,511.5971,5.2496,66.8884,526.7567,2.8015,80.668,515.4373
29.2604,67.4882,437.0025,22.2115,66.9186,425.0196,-13.075,8.2264,450.108,-2.903,12.8619,466.6923,8.1172,22.3348,475.514,18.6347,30.0898,486.5752,-19.5792,66.4588,466.6648,-27.2503,48.9129,494.7592,-36.0942,34.9588,519.8006,-22.8872,18.8725,495.8468,-28.3548,24.8048,521.3337,-28.8746,36.3131,535.1644,-11.4112,14.8321,512.8738,-16.9835,35.3688,529.4929,-20.5641,53.7576,536.495,-0.7452,31.9053,517.5361,-6.9464,48.5413,528.7517,-11.2891,68.0336,522.256,8.6116,52.3023,512.3565,2.7289,65.3392,527.488,0.3193,79.1029,516.1409
28.5836,65.36,437.9804,21.5398,64.7243,425.9978,-13.3261,5.8128,451.16,-3.1887,10.5426,467.739,7.7627,20.1057,476.549,18.2235,27.9503,487.6008,-20.376,64.8228,467.5195,-27.798,46.9171,495.4534,-36.8043,32.9551,520.4324,-23.5916,16.5821,496.766,-29.3107,22.5819,522.1737,-29.9252,34.0762,536.0122,-11.6208,12.8351,513.9195,-17.3247,33.2893,530.5956,-21.0434,51.6515,537.5955,-2.1227,29.528,518.376,-8.747,45.985,529.6137,-13.1776,65.4571,523.1171,7.7213,49.9435,513.3591,1.5622,62.8415,528.4652,-0.9383,76.5922,517.1222
27.6038,62.9173,439.2523,20.7706,62.0755,427.1609,-13.3902,2.6705,452.1291,-3.6167,7.692,468.8403,7.007,17.5138,477.766,17.136,25.6219,488.9361,-21.0083,60.5772,468.7936,-29.9914,43.4467,496.7552,-39.3642,29.4298,521.568,-24.3214,13.7531,497.6307,-30.4447,19.9612,523.1194,-31.207,31.3492,537.0381,-13.0264,10.5509,514.7999,-19.2048,30.4127,532.0143,-23.167,48.7124,539.0444,-3.2489,27.115,519.4629,-10.1704,43.3893,530.7871,-14.8952,62.7897,524.2831,6.1545,47.3072,514.7009,-0.2719,59.9975,529.7783,-2.9434,73.7423,518.4672
27.7471,61.2564,440.3031,20.872,60.4031,428.2363,-12.784,0.6941,453.1652,-2.9789,5.7338,469.8523,7.6129,15.6021,478.7647,17.7306,23.7467,489.9186,-19.7801,58.2968,470.9443,-28.2958,40.4665,498.6131,-37.8356,26.348,523.3044,-24.2152,11.6461,498.8135,-30.6833,17.843,524.6429,-31.4678,29.0873,538.6768,-12.5553,9.1644,515.7383,-18.9086,28.0079,534.0018,-22.9751,46.2357,541.158,-3.036,26.3301,520.0868,-10.0403,41.5776,532.7142,-14.9739,60.9478,526.2757,6.4209,45.7863,515.9607,-0.3779,59.0353,531.6159,-3.1951,72.7972,520.361
29.3235,57.917,442.3596,22.502,56.9134,430.274,-9.9935,-3.454,455.1569,-0.3417,1.7988,471.8676,10.0199,11.8892,480.8019,19.9363,20.2484,491.9777,-16.3426,54.2665,474.6033,-25.5328,36.2864,501.9576,-35.3203,21.9419,526.4206,-21.7869,6.5547,500.8024,-28.4245,12.1877,526.4925,-29.2305,23.1001,540.7848,-10.3724,3.8268,517.74,-17.0398,22.547,536.0184,-21.316,40.5986,543.492,-0.7591,21.722,522.3126,-8.0379,36.7734,535.0198,-13.3149,56.1362,528.8364,8.7146,40.8047,518.6296,2.127,52.872,534.2753,-1.0333,66.8101,523.3326
32.6368,54.4842,445.4597,25.348,53.742,433.6307,-6.2553,-7.1096,458.483,4.0489,-2.2194,474.9119,14.7675,7.671,483.6463,25.1257,15.7837,494.6009,-12.0067,51.1506,479.2257,-19.4343,30.545,505.2303,-29.5631,15.8822,529.3635,-16.7196,1.5266,504.213,-22.475,6.2766,529.3651,-23.2731,16.8092,543.94,-4.1949,-2.48,521.1826,-10.6528,16.9013,538.8365,-15.0993,34.7293,546.7354,4.5743,16.4117,525.5474,-2.7493,31.361,538.3491,-8.3916,50.7342,532.5318,13.9873,36.1378,521.4147,7.4559,48.0733,537.1381,3.7685,62.164,526.5618
36.1142,50.5545,446.4019,29.0165,49.5629,434.4754,-1.2557,-12.0292,459.1602,8.6773,-6.7891,475.7094,18.9964,3.4284,484.5479,28.9725,11.8682,495.6093,-5.9815,44.4576,481.699,-16.0972,25.4335,508.0004,-26.4901,10.3845,531.7809,-12.0715,-4.1473,505.5684,-18.1871,0.3093,531.8089,-19.0399,10.5791,546.567,0.2296,-6.7438,521.9439,-6.4302,10.5987,541.5369,-11.0717,28.2014,549.8197,7.9614,12.019,526.2663,0.4708,25.3377,540.6714,-5.3993,44.7612,535.2613,17.2207,30.3465,523.2823,10.3931,41.082,539.3597,6.3657,55.3809,529.1949
38.4415,48.8359,447.506,31.2252,47.8619,435.6495,1.8962,-14.2536,460.1609,11.9518,-9.0373,476.6434,22.2551,1.2219,485.4521,32.259,9.682,496.4728,-2.8446,42.0591,483.4676,-12.1981,21.8065,509.126,-22.5069,6.4365,532.7372,-8.7733,-6.6757,506.5666,-14.7837,-2.4068,532.7085,-15.6968,7.7332,547.5526,3.2993,-10.5067,522.8167,-3.5864,7.1562,542.0419,-8.3648,24.6181,550.5418,12.6144,6.6466,528.0388,5.0637,21.0703,541.3032,-0.9718,40.5356,536.2362,20.7712,27.2681,524.6671,14.1459,37.4105,540.9274,9.8913,51.8411,531.0453
40.1936,46.0405,448.2139,33.0104,45.0536,436.3383,4.5964,-17.7002,460.2954,14.547,-12.4661,476.836,24.6796,-2.1235,485.7444,34.5371,6.3977,496.8498,0.5737,38.4142,485.1725,-8.9961,18.2716,510.8375,-18.9609,2.5077,534.3365,-5.4401,-11.4331,507.1489,-11.1214,-7.8857,533.6705,-12.0212,1.9893,548.693,6.768,-12.9485,523.1852,0.0903,3.7554,543.3194,-4.7732,21.0663,552.0762,15.7705,4.7501,528.2813,8.7342,18.5285,542.4815,2.5626,38.0272,537.7157,23.7631,24.1939,525.5585,17.4472,34.6266,542.3883,12.9469,49.171,532.7858
42.9431,45.9724,448.0297,35.811,44.7851,436.1416,8.408,-18.2884,460.4346,18.2213,-12.7768,476.967,28.1505,-2.2041,485.8344,37.8296,6.557,496.9099,4.4026,38.3499,485.6703,-4.3155,17.8119,511.3255,-13.7121,1.9506,534.9924,-1.0282,-11.5052,507.3085,-6.3623,-7.6709,533.8051,-7.2347,2.2844,548.7761,10.4429,-12.7859,523.3189,3.7146,3.5988,543.6971,-1.2446,20.8815,552.4556,18.9947,4.6245,528.3261,11.8806,18.0048,542.8642,5.5978,37.4845,538.1665,27.5393,24.467,525.6794,21.5189,34.9454,542.511,16.8073,49.4424,532.9383
45.1254,45.626,447.2575,37.9167,44.4135,435.4183,11.2847,-18.9981,459.6883,21.1686,-13.4527,476.1673,31.0642,-2.8186,484.9987,40.7432,5.9939,496.0335,6.2642,37.9255,484.7845,-1.9418,17.3771,510.5997,-10.8349,1.2919,534.31,2.6354,-12.3614,506.8739,-2.2828,-8.5876,533.7049,-3.22,1.3834,548.6615,14.4472,-12.8739,522.6806,7.8438,3.3174,543.2533,2.6788,20.5304,552.0303,23.347,3.6548,527.8302,16.4895,17.5619,541.9924,9.9632,36.9772,537.3603,30.9039,24.31,524.8795,25.1036,35.1072,541.8842,20.2085,49.5521,532.3247
48.2563,46.3571,446.1081,40.9704,45.0583,434.3254,15.0387,-18.5125,458.935,24.9985,-12.8484,475.3277,34.8717,-2.1134,484.0615,44.5595,6.8034,495.0044,9.0342,38.1384,483.4496,1.8365,17.5181,509.5072,-6.3247,1.3217,533.4044,7.1832,-11.3259,506.033,2.744,-7.2648,532.6483,1.8481,2.8536,547.5082,19.5499,-13.5596,522.0054,12.864,3.8283,541.5492,7.5315,21.0347,550.2384,27.4099,4.3115,526.9456,20.528,18.2491,541.0659,13.8413,37.5939,536.3683,34.7446,24.9527,523.6056,29.0495,35.4838,540.2013,24.018,49.8442,530.5855
50.0217,47.7644,444.9538,42.7273,46.4214,433.1814,17.1262,-17.2499,457.8773,27.0796,-11.525,474.2527,36.9131,-0.7362,482.965,46.5725,8.2355,493.8881,10.3035,38.0908,481.7643,3.5731,17.7286,508.1477,-3.9465,1.2993,532.0962,9.4777,-10.9953,505.2425,5.1368,-7.4455,532.1245,4.2145,2.7078,546.9589,21.6235,-12.4628,520.9255,14.8343,4.477,540.8239,9.3561,21.6687,549.4516,29.9165,5.4512,525.9622,23.07,19.4956,539.9937,16.271,38.7779,535.2014,36.6355,26.042,522.8151,30.8296,36.4458,539.7161,25.7631,50.748,530.0322
51.5871,50.5685,444.2186,44.0991,49.296,432.5604,18.4862,-14.2625,457.533,28.7335,-8.6347,473.7601,38.772,2.0735,482.337,48.6598,10.9612,493.1236,10.3357,43.0003,480.5333,4.9533,22.5102,507.1262,-1.9426,6.3151,531.4196,10.8154,-7.5825,504.6796,6.4912,-3.8168,531.2574,5.5303,6.5144,545.966,24.1675,-9.0006,520.5364,17.536,8.3487,540.1329,12.0354,25.6423,548.5399,31.8347,9.9677,525.0635,25.1705,24.0666,539.128,18.3185,43.2698,534.0995,39.409,29.6543,521.4971,34.0571,40.4691,537.9124,28.9712,54.6694,528.0897
52.1779,52.7029,443.0273,44.8864,51.277,431.2628,19.3713,-12.2759,456.3495,29.3153,-6.4361,472.6901,39.1331,4.4199,481.3364,48.779,13.4723,492.2046,10.4589,44.281,478.6633,4.3368,25.2236,506.1467,-1.9148,9.0893,530.6538,11.5885,-4.9729,503.7122,7.1399,-0.7986,530.7846,6.1115,9.7054,545.3657,24.271,-5.9243,519.4158,17.5542,11.2012,539.1794,11.9861,28.5491,547.4286,32.6327,11.159,524.3286,25.7795,25.951,537.566,18.9291,45.132,532.4512,39.4605,32.0756,520.6632,34.0576,42.8619,537.1637,29.0444,57.022,527.2461
52.5544,59.0386,441.6714,45.041,57.702,430.0367,19.0551,-5.445,455.6595,29.3627,0.273,471.8168,39.4829,10.9984,480.2754,49.4439,19.9258,490.9614,9.1216,49.5559,476.1283,3.6306,31.0053,504.0876,-1.9591,15.1256,528.9188,11.8703,2.1292,502.5888,7.8481,6.3692,528.8603,6.7292,17.1676,543.218,24.1829,0.1458,518.5304,17.1804,18.1526,537.3909,11.5423,35.6547,545.2578,32.7441,18.2647,523.1449,25.785,33.4315,535.8939,19.0173,52.5335,530.3881,40.3318,39.4645,518.9047,35.0367,50.8184,535.1427,30.1162,64.7947,524.9225
52.162,62.3637,440.1803,44.9229,60.9857,428.3778,18.4612,-2.1472,453.5441,28.3811,3.628,469.9222,38.2834,14.3919,478.5872,47.9781,23.3628,489.4796,6.9063,53.5517,472.8803,1.5481,35.532,501.2102,-3.2747,19.6866,526.2234,10.9891,5.6954,500.7574,6.7382,10.1571,527.6173,5.5611,21.0191,541.9223,23.1972,4.7806,516.6212,16.3069,22.6142,535.6864,10.6716,40.1908,543.3875,31.2091,22.2462,521.2985,24.325,37.2281,534.3044,17.6912,56.3367,528.6607,38.5067,43.3196,517.229,32.9499,55.028,533.5092,28.2634,68.9559,523.1144
51.049,64.9914,438.5414,43.8841,63.6664,426.6877,16.9317,0.6336,451.5827,26.7682,6.3358,468.0365,36.6653,17.0374,476.7843,46.3303,25.944,487.7555,4.6139,56.2502,470.0911,0.3771,38.1429,498.5546,-3.7925,22.3816,523.7379,10.2469,9.2315,498.6628,6.4631,14.0982,525.3114,5.3626,25.0291,539.5698,22.6136,8.7744,514.7889,15.9708,27.3336,533.2396,10.3898,45.0026,540.7669,30.4789,25.5277,519.5119,23.8752,41.1393,531.9082,17.3161,60.2204,526.0868,37.5255,46.4407,514.9483,32.4437,58.2706,530.6428,27.9094,72.1407,520.1043
49.5583,66.1544,437.9343,42.1724,65.0097,426.198,14.9034,2.1033,451.0679,25.093,7.5561,467.3909,35.2688,18.069,476.0472,45.2299,26.7719,486.9167,0.3808,57.5671,467.1744,-3.5209,40.3461,496.2298,-6.8463,25.1046,521.8547,6.9378,11.1558,497.5103,2.4978,16.2016,523.397,1.174,27.3798,537.4432,19.4158,9.3404,514.0126,12.2331,28.7855,531.3129,6.6216,46.5595,538.5652,28.6102,25.9767,518.8156,21.6473,42.1568,530.249,15.1525,61.207,524.2567,35.4541,47.6453,513.875,29.7187,59.8915,529.6911,25.3258,73.6447,518.9416
47.1999,67.9279,437.1244,39.8629,66.807,425.3552,12.2959,3.9787,450.0938,22.429,9.3988,466.4628,32.5975,19.88,475.166,42.5361,28.5516,486.081,-3.7905,59.4598,464.3602,-7.2164,43.2099,494.0285,-9.4033,28.6092,520.1443,4.3626,13.6505,496.3412,-0.0444,19.0233,522.0319,-1.4642,30.5447,535.7884,16.3984,12.6856,512.9582,9.3067,31.8294,530.6281,3.7348,49.7741,537.4793,25.1945,29.5229,517.4532,18.0681,46.07,528.2424,11.6188,64.9834,521.7855,32.3656,50.6647,511.7656,26.4255,63.5799,526.7667,22.2006,77.0435,515.5918
43.7774,69.0507,436.7056,36.7434,67.8998,424.7556,8.7785,4.986,448.821,18.4768,10.4474,465.4377,28.3864,20.9671,474.3895,38.0166,29.6773,485.5476,-7.9318,59.9596,462.4661,-13.1391,44.9008,492.5013,-14.4921,30.7327,518.9103,-0.2374,15.3184,495.107,-5.3296,21.1542,521.2498,-6.8307,32.9093,534.7984,12.3333,15.1551,511.796,5.473,34.3486,529.5032,0.0779,52.4462,536.0887,21.3914,31.6933,516.4849,14.5651,48.3666,527.274,8.2271,67.2577,520.644,28.0642,52.0118,511.1379,22.2487,65.0626,526.0911,18.2914,78.4291,514.7036
42.0213,70.3024,436.1508,35.0291,69.1125,424.1801,6.8706,6.348,448.4094,16.5173,11.8638,465.0382,26.4118,22.4048,473.9816,36.0157,31.1463,485.1379,-10.2798,61.3843,461.1717,-15.5937,46.7313,491.3885,-16.7072,32.8964,517.9846,-2.1541,18.0411,494.4891,-7.277,24.6788,520.6465,-8.6932,36.7209,533.9499,9.2415,17.3017,511.1521,2.2669,37.0466,528.196,-2.9573,55.2941,534.4995,18.0081,33.8328,515.6323,10.8293,50.4666,526.2522,4.5964,69.325,519.4325,25.8126,54.541,510.0676,19.7602,68.4187,524.8557,15.8704,81.6006,513.2322
39.442,71.0649,436.3738,32.5468,69.8239,424.3522,4.0257,7.2712,448.7047,13.5477,12.858,465.3816,23.3945,23.4253,474.3468,32.9277,32.2064,485.5326,-12.9628,61.8324,461.0404,-18.1798,47.2055,491.2867,-19.4755,33.495,517.9389,-4.8593,18.7943,494.7426,-9.8794,25.3049,520.7544,-11.3517,37.4127,533.992,6.6097,18.1306,511.5667,-0.2842,38.1971,528.2643,-5.4603,56.5176,534.3935,15.1717,35.1507,515.9509,8.083,51.981,526.3187,1.9223,70.8158,519.3692,23.0749,55.6604,510.4954,17.2413,69.5469,525.2753,13.4421,82.6717,513.5575
37.414,71.6077,436.6275,30.6023,70.2743,424.5682,1.6238,8.0989,449.3434,11.0472,13.8139,466.0328,20.8745,24.4289,474.9629,30.3638,33.2819,486.1292,-15.2657,62.6343,460.883,-20.0781,48.0661,491.2246,-21.6757,34.577,517.9733,-7.1248,20.2216,494.9767,-12.0096,26.9904,520.4566,-13.4881,39.209,533.5913,4.6905,18.6072,512.3536,-2.0879,39.1304,528.5354,-7.2051,57.5157,534.5185,13.8536,35.0812,517.0727,6.9302,52.6045,526.3463,0.802,71.4272,519.3357,20.6308,56.7079,510.7874,14.9487,70.3837,525.1825,11.2151,83.4591,513.3886
35.8968,70.3192,437.9574,29.1452,69.021,425.8605,-0.3124,7.0103,450.4829,9.049,12.6765,467.2238,18.8845,23.2389,476.207,28.3599,32.0416,487.4248,-16.7646,61.1496,462.0728,-23.1625,46.6771,492.1662,-25.3426,33.0083,518.7822,-10.1632,18.6006,495.9246,-15.638,25.0422,521.1803,-17.1659,37.145,534.4162,1.2093,17.2819,513.3359,-5.8265,37.9171,529.2635,-10.8916,56.306,535.2795,9.739,33.6103,517.9778,2.2729,50.7849,527.4799,-3.6995,69.6773,520.5224,17.3131,55.1494,512.0197,10.818,68.736,526.4808,7.1928,81.8984,514.75
33.9141,68.4789,438.2285,27.4056,67.0926,426.0088,-2.2119,5.0411,450.3348,6.7936,10.8293,467.2286,16.3991,21.4817,476.3532,25.6101,30.3825,487.7129,-18.1463,60.1768,462.8625,-25.3515,45.7972,492.8177,-28.1334,32.0193,519.3211,-13.0764,16.7415,496.0191,-19.245,23.3848,521.9577,-20.841,35.3151,535.3413,-1.3336,15.9179,513.24,-8.3392,35.8444,530.0585,-13.3726,54.197,536.2102,7.1324,33.0053,517.794,-0.1688,49.7916,528.0852,-6.1102,68.7156,521.187,14.8381,53.5069,512.7334,8.4302,67.2626,527.617,4.8189,80.514,515.9826
31.5823,66.109,439.6201,24.9672,64.8816,427.4408,-4.825,2.7704,451.3983,4.3513,8.3386,468.2741,14.094,18.8436,477.4241,23.4498,27.5775,488.7951,-20.3861,57.0063,464.3469,-26.7449,41.6809,494.0235,-30.2069,27.5022,520.2338,-15.9205,13.4031,497.0731,-22.164,19.3862,522.7748,-23.8312,30.9677,536.4528,-4.2884,12.2984,514.3031,-11.545,31.8178,531.4884,-16.6998,50.0415,537.9169,3.8748,30.8239,518.5099,-3.6448,46.7645,529.9271,-9.7273,65.7045,523.1982,11.3957,49.811,514.144,4.1978,63.0874,529.2807,0.5071,76.5448,517.9106
31.5774,64.3875,440.0261,25.1166,63.0481,427.7759,-4.2941,0.7085,451.6111,4.6275,6.4317,468.5713,14.1526,17.0708,477.7952,23.2839,25.9424,489.2418,-19.4243,55.1562,465.655,-26.2092,39.4679,495.0462,-30.3214,24.9742,520.9888,-15.5957,11.0988,497.3597,-21.9737,16.9625,523.1776,-23.5732,28.1868,537.1581,-4.1154,8.6892,514.6958,-11.4665,27.9754,532.1028,-16.6571,46.048,538.9174,3.4009,28.1876,518.9877,-4.4684,43.7389,530.7022,-10.83,62.6981,524.2931,11.1765,47.0345,514.9468,4.1047,59.3542,529.961,0.1054,73.0319,518.9643
32.3429,61.2709,441.5912,25.777,60.0313,429.3864,-3.0372,-2.7534,452.7776,6.0066,2.8311,469.7193,15.5528,13.4227,478.9762,24.7363,22.2192,490.4389,-17.0918,50.68,468.8303,-24.8585,34.6015,497.764,-29.5805,19.581,523.3,-14.955,6.536,498.6338,-21.6884,11.7844,524.5419,-23.2209,22.5188,538.9093,-3.6176,5.26,515.6593,-11.2274,23.5979,533.9572,-16.55,41.4485,541.2391,4.9192,23.8069,520.3899,-2.9714,38.6201,533.0116,-9.6489,57.6482,527.1514,12.9835,42.9661,516.8583,6.0441,55.216,532.4574,1.6478,69.122,521.9077
34.9719,57.7782,442.3386,28.4482,56.4241,430.1234,0.4856,-6.7242,453.5696,9.4158,-0.982,470.5188,18.7922,9.7605,479.7754,27.827,18.7068,491.2403,-13.4248,47.7948,470.7828,-21.1549,31.1757,499.4193,-26.7457,15.9411,524.6512,-10.8971,2.6694,499.7286,-17.3786,8.0182,526.0124,-18.7834,18.4525,540.6121,0.3675,1.8015,516.5555,-7.0543,19.6684,535.3888,-12.3947,37.3313,543.1024,7.7272,20.7984,520.9061,-0.0816,34.3483,534.9211,-7.0695,53.3826,529.4562,15.5391,38.9412,518.0014,8.2307,50.9759,533.918,3.4886,65.0258,523.7145
37.0514,54.9192,444.5856,30.279,53.7547,432.4868,2.7466,-9.7282,455.535,12.0253,-4.2494,472.3841,21.5974,6.3458,481.6098,30.8716,15.1117,493.0229,-8.7195,43.8512,475.638,-16.7904,25.8733,503.3446,-23.8858,9.9948,527.7891,-9.0519,-2.5869,501.72,-15.6938,1.4333,527.7196,-17.1897,11.2297,542.746,2.999,-4.2777,518.5092,-4.6102,12.8953,537.9047,-10.0972,30.1812,546.3363,10.6666,13.6496,523.6,2.3924,27.4131,537.1315,-4.7018,46.5963,532.3693,18.1806,33.2733,520.7389,10.7289,43.9371,537.0127,5.5359,58.3473,527.5587
39.8048,53.1251,445.4475,33.0733,51.8831,433.3336,6.0009,-11.7802,456.4292,15.1912,-6.195,473.2917,24.6528,4.495,482.5222,33.8258,13.3572,493.9426,-3.175,42.5351,478.9371,-11.5779,22.9119,505.4007,-20.483,6.8586,529.1282,-5.6622,-5.5341,502.9333,-12.2714,-1.9945,529.2861,-13.6755,7.4682,544.5336,6.0681,-8.4356,519.3433,-1.6287,8.7362,538.7053,-7.1229,25.7562,547.6571,13.6241,10.8432,524.6419,5.4992,23.8396,538.9973,-1.4517,43.1982,534.763,21.6256,30.699,522.2169,14.5172,40.8032,538.691,9.036,55.4386,529.76
41.2127,51.2404,446.292,34.3965,50.1047,434.215,7.307,-13.6528,457.029,16.6257,-8.2152,473.8693,26.1781,2.382,483.1133,35.4517,11.1362,494.5358,0.7583,40.4527,481.7157,-9.6913,20.9498,507.5313,-19.8004,4.7857,530.6943,-4.1358,-8.0834,503.8726,-10.674,-4.9012,530.6384,-12.0975,4.3115,546.0364,8.0342,-9.254,520.0657,0.5756,6.8803,540.3894,-4.9278,23.7442,549.6264,15.3289,7.4642,525.4509,7.3799,20.0679,540.2482,0.6754,39.6048,536.4591,23.0946,28.2732,523.3145,15.7555,38.451,540.4064,10.2348,53.2723,531.8128
43.015,50.9767,446.8192,36.0565,49.9401,434.8147,8.9938,-13.8571,457.5493,18.5251,-8.5571,474.3142,28.2223,1.9482,483.5123,37.6589,10.5982,494.8806,3.3696,41.9369,483.2762,-6.3732,20.7692,508.0352,-16.7865,4.5151,530.9997,-2.3933,-8.5765,504.1818,-8.8298,-5.5916,530.5409,-10.2129,3.5129,546.0068,9.6082,-10.8247,520.4049,2.0179,5.654,540.4009,-3.4791,22.4001,549.8535,17.5674,7.3478,525.8599,9.8542,20.1325,540.6266,3.3794,39.7867,537.0504,25.7881,27.196,523.6411,18.9012,36.8253,540.3269,13.3332,51.7804,531.9997
45.0609,50.1159,446.7788,38.1776,49.024,434.7359,11.5548,-15.021,457.2926,20.9471,-9.6456,474.1119,30.5007,0.9401,483.3678,39.7982,9.6673,494.7916,5.5165,40.0635,483.047,-5.1758,20.234,508.512,-15.4187,3.8143,531.4353,0.1515,-9.8447,504.2038,-6.3676,-6.8855,531.0223,-7.799,2.1425,546.5286,11.6581,-10.5408,520.1762,4.0602,5.0273,540.8863,-1.4787,21.7018,550.4404,19.9747,6.1751,525.7683,12.3814,18.7246,540.7965,5.9531,38.4286,537.4159,28.4349,26.4118,523.9819,21.7503,36.2619,541.1537,16.1381,51.2854,532.9807
47.044,50.386,446.8757,39.9,49.4074,434.9757,13.4773,-14.6754,457.6598,23.2511,-9.4575,474.3105,33.048,1.0223,483.4317,42.6267,9.6297,494.7131,7.9313,42.3311,484.0566,-0.0862,20.0498,508.4545,-9.5356,3.3939,531.5476,3.8537,-9.6137,504.4503,-1.5241,-6.7851,530.5975,-2.9134,2.3006,546.0738,15.7285,-10.9938,520.6791,8.3902,5.2013,540.9983,2.7751,21.8501,550.5528,23.9584,6.8768,526.0827,16.8543,19.9999,540.8582,10.389,39.692,537.479,31.3618,26.3166,523.8329,24.7764,36.0716,540.8559,19.1149,51.1214,532.7659
49.7442,50.3045,446.6018,42.5098,49.3112,434.7579,16.5641,-14.927,457.5529,26.4468,-9.6894,474.133,36.2682,0.8215,483.1918,45.8974,9.4558,494.4096,9.9574,40.3335,483.1391,2.1729,18.9083,508.3654,-6.5336,2.0108,531.5746,7.4228,-10.3814,504.5833,2.294,-7.8311,530.9703,0.8948,1.3151,546.4102,20.1765,-11.5799,520.6744,12.814,5.0701,540.6136,6.983,21.6942,550.0814,27.8987,5.224,526.1635,20.7404,18.8525,540.4472,14.1971,38.5205,537.0774,35.4228,26.1521,523.6791,29.3382,35.851,540.6818,23.6598,50.8921,532.5872
51.7888,51.0505,445.6761,44.5133,50.003,433.862,18.8674,-14.2628,456.9167,28.7947,-8.9503,473.4462,38.6149,1.6161,482.4415,48.2573,10.3108,493.6011,10.3252,41.6075,481.2084,3.3792,21.0122,507.3539,-4.1902,4.137,530.9745,9.7396,-8.7457,503.7359,4.6433,-5.6653,529.8764,3.2596,3.7667,545.1448,23.2865,-11.6995,520.0413,15.7688,5.843,539.1396,9.8138,22.594,548.3015,30.9994,5.9283,525.5623,23.9327,19.9792,539.4776,17.3009,39.5778,535.8841,37.7109,27.7737,522.5649,31.5373,37.9962,539.5199,25.9304,52.9169,531.1571
52.314,52.4837,444.9718,45.0479,51.4237,433.153,19.3928,-12.8232,456.2503,29.3064,-7.4931,472.7824,39.1181,3.0834,481.775,48.7505,11.7903,492.9337,10.5217,40.2865,479.6815,2.9241,21.537,507.0079,-3.1869,4.56,530.9753,10.865,-7.105,503.433,6.0458,-3.8735,530.0969,4.6763,5.8199,545.202,22.9077,-8.2377,519.3388,15.3565,8.4346,539.1886,9.3066,25.3375,548.0027,30.7132,8.8589,524.5769,23.6093,22.38,538.9892,16.9602,41.9224,535.1315,37.819,29.3683,521.688,31.4189,39.6598,538.5229,26.0095,54.5153,529.9174
52.3431,55.392,443.6694,45.1315,54.258,431.8242,19.3579,-9.8366,455.2108,29.1961,-4.4031,471.7543,38.9682,6.2289,480.7247,48.5506,15.005,491.8722,6.8401,45.3004,475.8075,2.4229,26.5722,503.8386,-1.5246,10.0728,528.581,12.0627,-2.401,502.301,7.9507,1.7902,528.8438,6.6475,12.014,543.6011,24.2023,-4.7106,518.4872,16.9093,13.0105,537.5076,10.94,30.189,545.8302,31.8848,13.781,523.4891,25.2068,28.172,537.2478,18.5125,47.5817,532.8378,39.551,34.4769,519.8967,34.3218,45.7911,536.1806,29.0657,60.3562,527.0028
52.4353,58.5643,442.8639,44.9326,57.6202,431.1839,18.6929,-6.2081,454.7796,28.9991,-1.0367,471.121,39.1456,9.382,479.9244,49.1236,17.9342,490.8974,4.7092,47.2765,473.0895,-0.2034,29.9255,501.9133,-2.5481,13.8601,527.1404,11.5843,0.3858,501.7931,7.6182,4.0648,528.0231,6.2174,14.5991,542.5512,24.2289,-0.4784,517.8749,17.0404,17.9771,536.2248,11.1839,35.4057,544.0953,32.1046,17.5164,522.5888,25.4159,32.2388,535.987,18.7568,51.5702,531.1961,39.5378,38.0059,518.6345,33.8881,49.8358,534.982,28.893,64.2132,525.3727
52.528,61.5068,441.5499,45.0685,60.5321,429.8448,18.5159,-3.0916,453.6423,28.7749,2.1233,469.9995,38.9221,12.5495,478.7931,48.8859,21.1203,489.7646,3.0019,50.4336,469.9623,-0.3032,33.3094,499.1486,-1.3961,17.6602,524.7203,11.7306,4.8814,500.3393,7.9707,9.2994,526.2152,6.6377,20.178,540.4938,24.1302,2.1913,516.7694,17.0133,21.2248,534.548,11.3065,38.8359,542.1164,32.868,20.5215,521.6393,26.1407,36.7844,533.0963,19.5599,56.0459,527.9302,39.7445,41.6559,516.705,34.4943,53.45,532.1774,29.6169,67.5992,522.1768
51.0372,63.5212,441.0523,43.5196,62.7071,429.3721,16.2426,-0.6994,452.9287,26.6324,4.2928,469.2728,36.9479,14.5389,478.0823,47.0646,22.9201,489.0603,0.4738,52.13,468.3103,-4.4687,36.2139,497.9456,-4.7855,21.1481,523.8863,10.1348,7.5336,499.5458,6.7705,12.0685,525.2237,5.5079,23.1783,539.3296,22.084,6.0948,516.0175,15.2251,25.9893,532.9338,9.7659,43.834,540.1285,30.7134,24.1612,520.5622,24.2449,40.3764,532.2337,17.8789,59.6077,526.699,37.4175,44.4445,515.7232,31.7184,57.1602,531.4746,27.1237,71.0525,520.9916
48.5296,65.0579,440.6609,40.9735,64.3615,428.998,13.1164,1.1517,452.404,23.5993,5.9803,468.7378,34.0413,16.09,477.5558,44.2714,24.3293,488.5363,-3.6356,54.322,466.2839,-8.6384,39.0851,496.264,-8.5005,24.6644,522.5704,5.5958,10.831,498.6515,1.4308,16.1916,524.264,0.0962,27.6194,538.1068,18.1744,10.3522,515.2186,11.4063,30.2486,532.1692,6.0607,48.283,538.9654,26.3182,27.3562,519.382,19.5659,43.7977,530.566,13.4168,62.9673,524.5896,34.3094,46.8897,514.2113,28.4236,60.2189,529.3807,24.0287,73.8577,518.4872
45.7631,66.498,440.5504,38.4942,65.6075,428.7194,10.1709,2.714,452.4161,20.2457,7.8138,468.9234,30.4547,18.0781,477.8353,40.402,26.5051,488.9324,-6.133,55.1385,465.8652,-12.4858,40.5155,495.8953,-12.4238,26.4406,522.3886,1.3283,13.1862,498.3319,-3.5858,19.0058,523.8485,-4.8881,30.6529,537.5105,14.2181,12.0171,515.3454,7.5072,31.908,532.3253,2.3391,50.0752,538.9011,22.9532,29.0104,519.7901,16.1707,45.7921,530.4379,10.0548,64.9108,524.2678,30.0954,49.2112,514.5059,23.9688,62.7084,529.7075,19.6973,76.2018,518.5863
41.2635,68.2023,440.506,34.168,67.1119,428.5868,4.8922,5.0289,453.2436,14.7617,10.4069,469.7866,24.9302,20.7757,478.6235,34.7862,29.3593,489.6819,-11.6861,57.7723,464.5197,-16.5994,43.377,494.9275,-16.9927,29.9285,521.7414,-3.7553,16.0453,499.2043,-8.5899,22.2042,524.8992,-9.8558,34.1837,538.2741,7.2439,14.388,516.0103,0.4486,35.0237,532.0414,-4.4358,53.4232,538.1732,18.1368,30.7269,520.9416,11.4545,48.2612,530.3701,5.5421,67.3411,523.8894,25.0983,52.3993,514.8047,19.4239,65.8943,529.5197,15.3403,79.2102,518.1174
38.265,68.7818,441.6118,31.3251,67.5482,429.6152,1.34,6.029,454.8267,11.0172,11.6051,471.4176,21.1281,22.0498,480.2311,30.8857,30.746,491.289,-14.5962,58.9822,465.6549,-20.4715,44.8343,496.0081,-21.9282,31.5293,522.8568,-7.3435,17.1558,500.3318,-12.1065,23.2589,525.2916,-13.4577,35.2442,538.6529,3.8627,15.4286,517.7123,-2.8363,36.4554,533.2685,-7.6713,54.9095,539.2744,14.1149,31.4369,522.6422,7.3328,49.3523,531.2468,1.5605,68.4134,524.5867,21.7176,53.8167,516.0291,16.4638,67.0374,530.2064,12.4895,80.3075,518.7126
36.7497,68.32,442.9298,29.6969,67.2368,430.9847,-0.8628,5.9737,456.1297,9.0199,11.3404,472.6685,19.3347,21.6101,481.4513,29.2923,30.1242,492.4725,-15.8551,58.6856,467.4936,-22.6437,44.2064,497.498,-25.3121,30.5637,524.0829,-11.2866,16.9844,501.5174,-17.0618,23.0849,526.6644,-18.3876,34.7335,540.3228,0.0758,14.6247,518.6925,-6.8701,35.2824,534.6305,-11.6209,53.6848,540.8577,9.6186,32.5054,522.959,2.3295,49.733,532.5026,-3.296,68.87,525.9354,17.3309,52.6244,517.5183,10.2166,66.007,532.4151,6.2994,79.5077,521.1729
34.3786,64.5745,443.6001,27.8437,63.1882,431.3945,-2.5939,1.7203,456.1853,6.5004,7.5079,473.0316,16.2553,18.095,482.0735,25.5935,26.9521,493.3633,-15.643,54.5744,470.3265,-25.23,39.8717,499.4456,-29.8608,25.4087,525.3179,-14.5891,12.1983,501.9702,-21.4239,18.1686,528.058,-23.0903,28.9226,542.3958,-3.7836,10.4471,518.7984,-11.1727,28.9051,537.0659,-16.1066,46.9446,544.1536,6.0366,28.0879,523.6874,-1.2448,44.1686,535.0625,-6.7347,63.4943,528.949,13.5939,48.3083,519.3481,6.4637,60.9984,534.7886,2.3664,74.8922,524.1033
33.9023,60.6481,444.8682,27.592,59.0107,432.5758,-1.5359,-3.1126,457.3063,7.1434,3.0221,474.2485,16.4701,13.9253,483.3662,25.3935,23.1014,494.7364,-13.6914,49.4183,473.6206,-24.8242,34.7798,502.2173,-30.8285,20.0146,527.6326,-14.518,7.3554,502.7964,-21.9069,13.3135,528.6877,-23.6741,23.5829,543.3648,-4.6474,6.4106,519.6191,-12.7254,24.2031,538.2517,-18.0741,41.9346,545.8004,4.5915,23.7799,524.5704,-3.2645,38.3721,537.4681,-9.0423,57.7083,531.6609,12.885,43.1431,521.1437,5.5606,54.8787,536.6066,0.945,68.9562,526.3831
34.7953,57.2714,447.4902,28.3767,55.5949,435.2594,0.4984,-7.0978,459.9932,9.2661,-0.91,476.8703,18.5206,10.0939,485.9405,27.4236,19.3537,497.2587,-11.9454,45.3354,477.0908,-23.0375,30.07,505.3739,-29.8383,15.0035,530.4089,-12.5643,1.6101,505.7912,-19.9874,6.5586,531.8168,-21.8026,16.514,546.7029,-1.9928,-0.3135,522.4979,-10.258,17.3764,541.1461,-15.8544,34.8961,549.0035,6.5567,18.2521,527.4893,-1.5906,32.403,540.6944,-7.7344,51.7698,535.386,14.5427,38.7244,524.4633,6.8562,50.2834,540.6972,1.8105,64.5829,530.9984
37.1998,54.5632,449.2446,30.763,52.6434,437.0591,5.2596,-10.946,462.0651,13.9168,-4.4279,478.8749,22.8404,6.9077,487.8679,31.4885,16.4915,499.1137,-7.3776,41.6224,480.7035,-17.508,25.1196,508.6505,-24.8269,9.554,533.2298,-8.2021,-2.9872,507.8834,-15.8518,1.5355,533.92,-17.897,11.1998,548.9672,2.3504,-3.4699,524.4193,-6.3186,13.3859,543.6477,-12.3195,30.6325,551.8052,10.5476,14.49,529.4298,2.0935,28.4091,542.6883,-4.4315,47.7556,537.7751,18.4405,34.3632,526.6727,10.8372,44.7771,542.7316,5.2321,59.1912,533.522
40.2185,52.2145,451.2813,33.452,50.3779,439.2628,9.5617,-13.9105,464.0739,18.6215,-7.5111,480.7163,27.6517,3.8194,489.6087,36.4967,13.3628,500.7353,-3.927,39.193,483.5202,-12.6036,21.403,511.1649,-19.782,5.4009,535.5043,-3.1343,-6.7969,510.1295,-10.3133,-2.7745,536.1716,-12.5798,6.652,551.3375,8.0499,-7.984,526.5095,-0.975,9.1572,545.3172,-7.5132,26.0817,553.7324,16.134,10.4451,531.5545,7.6165,24.4236,544.7094,0.6656,43.6748,540.0105,23.7606,31.3168,528.2299,16.3895,41.7077,544.1424,10.3965,56.0853,535.1221
43.796,49.9754,451.0139,37.0867,48.0547,438.9765,14.5511,-16.8572,463.4292,23.4489,-10.3489,480.1166,32.2214,1.1279,489.079,40.8444,10.8028,500.2662,0.6376,35.8737,483.7436,-7.2294,17.3772,511.166,-13.9683,0.9285,535.3327,3.2606,-10.6369,509.5555,-3.0068,-7.184,535.1602,-5.2626,2.0212,550.463,14.707,-11.8248,526.2729,5.7906,4.7627,545.6212,-1.0298,21.4239,554.3325,22.3747,5.0782,531.7807,13.6907,19.802,543.9791,6.3187,38.914,539.3549,28.6188,28.3728,528.1742,21.5631,38.5129,544.2806,15.3137,52.773,535.2477
47.4402,47.2086,449.2881,40.7745,45.3037,437.224,19.7014,-20.4268,460.7773,28.4525,-13.9508,477.5546,36.9664,-2.4045,486.6758,45.3713,7.3065,497.9968,5.5328,31.7837,482.5697,-2.1168,13.2194,510.0078,-7.9157,-3.7444,534.0619,8.5255,-14.5735,507.7971,2.1017,-11.209,534.8238,-0.125,-2.1623,550.2251,19.7795,-15.0061,523.7354,10.9614,0.1521,544.2652,3.9849,16.5941,553.2644,26.8226,3.3055,529.1081,18.5758,16.2587,543.4331,11.033,35.3427,538.9716,33.0579,23.9786,526.5572,25.9046,33.6641,543.1491,19.6569,48.0004,534.2363
49.3107,46.0862,447.0097,42.6915,44.2198,434.914,22.5359,-22.067,457.6988,31.1671,-15.6527,474.5617,39.4994,-4.0871,483.8251,47.7458,5.6174,495.2676,7.6149,29.873,480.1334,0.7647,11.2753,507.7595,-3.6663,-6.0062,531.8783,12.6863,-16.7195,505.1593,7.0053,-13.6353,532.5331,4.9616,-4.6332,547.9858,24.763,-17.2757,521.0951,16.1308,-1.204,540.9995,9.0257,15.1406,550.0754,30.8188,0.8432,526.6777,22.6608,14.4382,540.4481,14.8573,33.4121,535.9651,37.2097,20.3012,525.2405,30.0139,31.5169,540.1545,23.8753,45.7568,531.0143
49.5424,47.3221,445.3803,42.6689,45.5662,433.4106,22.9407,-20.9044,456.0335,31.9298,-14.6438,472.7668,40.4646,-3.1653,481.9537,48.9579,6.4331,493.3047,8.2631,30.9052,479.0428,1.7815,12.8681,507.1258,-1.3019,-4.3471,531.5005,14.2188,-15.4071,503.6205,9.2038,-12.2462,530.9822,7.2976,-3.0981,546.3666,26.1457,-13.9652,519.4046,17.7759,1.9712,539.5286,10.558,18.4131,548.3356,33.3251,1.0165,525.1688,25.1902,15.0721,538.4828,17.0448,33.8293,533.7055,37.6746,23.6927,521.767,31.1717,33.6399,538.1706,25.2323,47.6246,528.5191
49.9622,49.5358,443.9422,42.8722,47.8392,432.0908,23.2468,-18.5978,454.9009,32.5557,-12.4175,471.4885,41.3015,-0.9991,480.5512,50.0352,8.5342,491.7738,7.0373,33.3103,476.6528,2.5239,15.0631,504.9843,0.7615,-1.9018,529.6639,15.1888,-12.5414,502.0529,10.6491,-9.1293,528.6174,8.8234,0.3061,543.8371,27.7219,-12.6383,518.2387,19.3892,3.71,538.0454,12.1591,20.2606,546.6363,35.2883,3.1813,523.9374,26.9934,18.4393,535.7437,18.6896,37.0498,530.6747,40.4004,24.7261,521.2694,33.5483,37.2508,535.2759,27.7454,51.027,525.2489
50.6251,52.331,442.4967,43.5281,50.5707,430.6588,23.7097,-15.6429,453.9465,33.0396,-9.3717,470.4881,41.8207,2.0853,479.4676,50.5845,11.6727,490.6205,6.4941,36.0159,474.2207,2.06,18.3886,502.9543,1.1945,1.8435,527.9645,15.9777,-9.0677,501.332,11.5751,-5.3238,528.3133,9.8367,4.4512,543.3276,28.2298,-7.3201,517.1963,20.1888,9.1602,537.0141,13.0305,25.9529,545.1849,35.0488,8.1957,522.5118,26.9301,22.887,535.1312,18.6255,41.3856,529.6688,40.853,28.1148,519.9455,33.8844,41.0229,533.5403,28.3171,54.5963,523.1111
50.3008,55.542,441.371,43.2401,53.7695,429.5132,22.8292,-12.1647,453.0803,32.137,-5.8723,469.6262,40.9663,5.5681,478.5795,49.7553,15.1511,489.7164,5.6864,40.2752,472.9714,1.6167,23.089,502.0243,1.2596,6.9108,527.2857,15.2786,-5.1684,500.3594,10.9929,-1.1973,527.1948,9.315,8.8143,542.0593,27.7122,-4.34,516.3924,19.5724,12.8602,535.547,12.4616,29.7715,543.5122,34.8773,12.4537,521.6087,26.8914,27.7384,533.5923,18.6058,46.1558,527.8348,40.1511,33.0238,518.2353,33.6289,45.8391,532.1359,28.2134,59.2415,521.4099
49.5439,58.6915,440.5592,42.3503,56.958,428.7757,21.1329,-8.5087,452.9265,30.6854,-2.2629,469.3502,39.771,9.0922,478.1544,48.8072,18.6038,489.1538,4.2688,43.5414,471.7966,0.5547,26.6003,501.0405,0.3791,10.7617,526.5181,13.8917,-0.6252,499.955,9.8097,3.819,526.4663,8.2911,14.0947,541.1668,27.0543,-0.5115,516.177,19.2247,17.3822,534.8187,12.3738,34.5116,542.5419,33.2722,16.0951,521.1047,25.1615,31.647,532.6526,17.0377,50.0657,526.673,39.3809,36.0212,518.0117,32.652,49.4099,531.258,27.3607,62.7098,520.3441
48.7501,59.6727,440.491,41.6137,57.9106,428.677,19.8973,-7.297,453.0839,29.3913,-1.0088,469.5254,38.4898,10.3469,478.3155,47.5162,19.8722,489.3111,3.6084,44.3796,471.7293,-1.1282,27.8456,501.0584,-1.494,12.1376,526.6147,12.3195,0.8811,500.0171,8.0461,5.4929,526.484,6.5565,15.8705,541.1157,24.8177,1.1816,516.2511,16.9323,19.1111,534.8347,10.1872,36.3474,542.4121,31.5209,17.5673,521.1559,23.3057,33.327,532.3426,15.3176,51.7753,526.2724,38.5614,36.818,518.5967,31.6774,51.0696,530.8239,26.4384,64.3315,519.8387
